frame,changed_percent
0,0.6303047839506173
1,0.0
2,0.0
3,0.0
4,0.0
5,0.0
6,0.0035204475308641976
7,0.003472222222222222
8,0.0
9,0.0039544753086419755
10,0.00400270061728395
11,0.003279320987654321
12,0.003568672839506173
13,0.0036168981481481477
14,0.002459490740740741
15,0.0032310956790123457
16,0.0033275462962962963
17,0.0030381944444444445
18,0.0028452932098765433
19,0.00318287037037037
20,0.003279320987654321
21,0.0016878858024691357
22,0.002652391975308642
23,0.0023148148148148147
24,0.022955246913580248
25,0.023678626543209878
26,0.01861496913580247
27,0.01726466049382716
28,0.017119984567901234
29,0.0033275462962962963
30,0.0033757716049382714
31,0.003809799382716049
32,0.0027488425925925927
33,0.002459490740740741
34,0.0016396604938271604
35,0.0016396604938271604
36,0.0020736882716049384
37,0.0019290123456790122
38,0.0019290123456790122
39,0.0019772376543209878
40,0.0018325617283950616
41,0.001736111111111111
42,0.0018807870370370371
43,0.002025462962962963
44,0.0014949845679012347
45,0.0016878858024691357
46,0.0017843364197530865
47,0.0016878858024691357
48,0.0016396604938271604
49,0.007957175925925927
50,0.008198302469135802
51,0.00544945987654321
52,0.004243827160493827
53,0.004099151234567901
54,0.0027488425925925927
55,0.002604166666666667
56,0.00154320987654321
57,0.008294753086419753
58,0.008584104938271605
59,0.008584104938271605
60,0.008487654320987654
61,0.008053626543209876
62,0.008246527777777778
63,0.008342978395061729
64,0.008294753086419753
65,0.008246527777777778
66,0.008150077160493827
67,0.008053626543209876
68,0.0080054012345679
69,0.008342978395061729
70,0.0014467592592592594
71,0.0010127314814814814
72,0.0006751543209876544
73,0.000771604938271605
74,0.005642361111111111
75,0.006076388888888889
76,0.004918981481481482
77,0.002941743827160494
78,0.0027488425925925927
79,0.0017843364197530865
80,0.0019772376543209878
81,0.0014949845679012347
82,0.001253858024691358
83,0.0013503086419753088
84,0.0014949845679012347
85,0.00154320987654321
86,0.0016396604938271604
87,0.010754243827160495
88,0.010947145061728395
89,0.010850694444444444
90,0.01089891975308642
91,0.010464891975308642
92,0.010850694444444444
93,0.01099537037037037
94,0.010609567901234568
95,0.01070601851851852
96,0.011091820987654322
97,0.010320216049382717
98,0.010271990740740741
99,0.014853395061728395
100,0.015142746913580245
101,0.012827932098765432
102,0.01171875
103,0.011284722222222222
104,0.01007908950617284
105,0.010320216049382717
106,0.010030864197530864
107,0.009548611111111112
108,0.0019772376543209878
109,0.0014467592592592594
110,0.0014949845679012347
111,0.0012056327160493826
112,0.0011574074074074073
113,0.0010127314814814814
114,0.005208333333333334
115,0.005160108024691358
116,0.005304783950617284
117,0.005111882716049383
118,0.005015432098765432
119,0.005015432098765432
120,0.005208333333333334
121,0.004967206790123457
122,0.004967206790123457
123,0.005015432098765432
124,0.011091820987654322
125,0.011477623456790124
126,0.008294753086419753
127,0.007378472222222222
128,0.0074266975308641976
129,0.00617283950617284
130,0.006317515432098766
131,0.005497685185185185
132,0.00544945987654321
133,0.005401234567901235
134,0.004870756172839506
135,0.004870756172839506
136,0.00472608024691358
137,0.0042920524691358024
138,0.004243827160493827
139,0.004581404320987655
140,0.004677854938271605
141,0.001736111111111111
142,0.0010609567901234567
143,0.0008680555555555555
144,0.0009162808641975308
145,0.0009162808641975308
146,0.0008680555555555555
147,0.00308641975308642
148,0.003134645061728395
149,0.007957175925925927
150,0.009259259259259259
151,0.006317515432098766
152,0.004677854938271605
153,0.004774305555555556
154,0.0036651234567901233
155,0.00390625
156,0.0033757716049382714
157,0.0033757716049382714
158,0.0035204475308641976
159,0.0027006172839506176
160,0.002797067901234568
161,0.0028452932098765433
162,0.00308641975308642
163,0.0030381944444444445
164,0.002652391975308642
165,0.0027006172839506176
166,0.002652391975308642
167,0.0027488425925925927
168,0.0027488425925925927
169,0.002604166666666667
170,0.0027488425925925927
171,0.002797067901234568
172,0.002652391975308642
173,0.0027488425925925927
174,0.005111882716049383
175,0.00617283950617284
176,0.005545910493827161
177,0.004581404320987655
178,0.004581404320987655
179,0.00544945987654321
180,0.00535300925925926
181,0.004484953703703704
182,0.004484953703703704
183,0.004195601851851851
184,0.004099151234567901
185,0.004050925925925926
186,0.0039544753086419755
187,0.004050925925925926
188,0.004099151234567901
189,0.004484953703703704
190,0.004581404320987655
191,0.004340277777777778
192,0.0038580246913580245
193,0.0039544753086419755
194,0.003809799382716049
195,0.004147376543209877
196,0.0037615740740740743
197,0.0039544753086419755
198,0.00390625
199,0.006799768518518518
200,0.009886188271604939
201,0.008150077160493827
202,0.00626929012345679
203,0.006221064814814815
204,0.005738811728395062
205,0.005160108024691358
206,0.0035204475308641976
207,0.003279320987654321
208,0.003279320987654321
209,0.0036168981481481477
210,0.0036168981481481477
211,0.002604166666666667
212,0.0030381944444444445
213,0.0028452932098765433
214,0.0025559413580246914
215,0.002604166666666667
216,0.0021219135802469135
217,0.0020736882716049384
218,0.0021219135802469135
219,0.0028452932098765433
220,0.002797067901234568
221,0.00308641975308642
222,0.002893518518518519
223,0.0025559413580246914
224,0.006703317901234568
225,0.0068962191358024685
226,0.004099151234567901
227,0.0036651234567901233
228,0.0038580246913580245
229,0.00318287037037037
230,0.00308641975308642
231,0.0030381944444444445
232,0.002025462962962963
233,0.0018325617283950616
234,0.001591435185185185
235,0.0018807870370370371
236,0.001591435185185185
237,0.001253858024691358
238,0.001253858024691358
239,0.004581404320987655
240,0.00472608024691358
241,0.004436728395061728
242,0.004243827160493827
243,0.0042920524691358024
244,0.00472608024691358
245,0.00472608024691358
246,0.004195601851851851
247,0.004195601851851851
248,0.004195601851851851
249,0.0072337962962962955
250,0.007619598765432098
251,0.00626929012345679
252,0.005063657407407407
253,0.004967206790123457
254,0.004581404320987655
255,0.004629629629629629
256,0.00400270061728395
257,0.0032310956790123457
258,0.00308641975308642
259,0.0032310956790123457
260,0.0033757716049382714
261,0.003472222222222222
262,0.0037133487654320988
263,0.0037133487654320988
264,0.003279320987654321
265,0.003279320987654321
266,0.0033275462962962963
267,0.002893518518518519
268,0.002797067901234568
269,0.01634837962962963
270,0.016782407407407406
271,0.016589506172839507
272,0.016300154320987654
273,0.016203703703703703
274,0.019193672839506175
275,0.019097222222222224
276,0.01871141975308642
277,0.017216435185185185
278,0.017457561728395063
279,0.017023533950617283
280,0.01707175925925926
281,0.017023533950617283
282,0.016782407407407406
283,0.016589506172839507
284,0.016493055555555556
285,0.016589506172839507
286,0.016637731481481483
287,0.01716820987654321
288,0.01716820987654321
289,0.017119984567901234
290,0.01726466049382716
291,0.017216435185185185
292,0.01765046296296296
293,0.01750578703703704
294,0.017746913580246913
295,0.017698688271604937
296,0.016878858024691357
297,0.016734182098765434
298,0.016685956790123458
299,0.018470293209876542
300,0.019579475308641976
301,0.016734182098765434
302,0.015094521604938271
303,0.015625
304,0.015142746913580245
305,0.015190972222222222
306,0.015335648148148147
307,0.014901620370370369
308,0.014949845679012346
309,0.014949845679012346
310,0.01499807098765432
311,0.014853395061728395
312,0.014901620370370369
313,0.014901620370370369
314,0.014949845679012346
315,0.01499807098765432
316,0.01499807098765432
317,0.014853395061728395
318,0.014901620370370369
319,0.014756944444444444
320,0.014756944444444444
321,0.014901620370370369
322,0.014756944444444444
323,0.014853395061728395
324,0.016300154320987654
325,0.016493055555555556
326,0.015769675925925927
327,0.015769675925925927
328,0.015866126543209878
329,0.014901620370370369
330,0.01480516975308642
331,0.0320216049382716
332,0.03525270061728395
333,0.0353491512345679
334,0.07696759259259259
335,0.06312692901234568
336,0.14231288580246912
337,0.22024498456790126
338,0.22024498456790126
339,0.2798514660493827
340,0.2796585648148148
341,0.4583815586419753
342,0.607397762345679
343,0.6080729166666666
344,0.638695987654321
345,0.6394675925925926
346,0.5549768518518519
347,0.4965277777777778
348,0.49619020061728397
349,0.4736207561728395
350,0.47410300925925924
351,0.4672067901234568
352,0.4580439814814815
353,0.45794753086419754
354,0.451195987654321
355,0.4510030864197531
356,0.4488329475308642
357,0.44405864197530864
358,0.4446855709876543
359,0.4068287037037037
360,0.4069733796296296
361,0.3704668209876543
362,0.36574074074074076
363,0.3660783179012346
364,0.38445216049382713
365,0.384645061728395
366,0.3410493827160494
367,0.3479938271604938
368,0.34833140432098764
369,0.43504050925925924
370,0.43484760802469136
371,0.5096450617283951
372,0.47675540123456794
373,0.4768036265432099
374,0.4737654320987654
375,0.47482638888888884
376,0.50390625
377,0.533420138888889
378,0.5329378858024691
379,0.5621141975308641
380,0.5620177469135803
381,0.5698784722222222
382,0.5666473765432098
383,0.5669849537037036
384,0.5701678240740741
385,0.5700231481481481
386,0.5699266975308642
387,0.5715663580246914
388,0.5717592592592593
389,0.5781732253086419
390,0.5777874228395062
391,0.5614872685185185
392,0.605565200617284
393,0.6058063271604938
394,0.6879340277777778
395,0.6885127314814814
396,0.6804591049382717
397,0.7015335648148148
398,0.7029803240740741
399,0.7215470679012346
400,0.7221739969135802
401,0.7183641975308642
402,0.7167245370370371
403,0.7171103395061728
404,0.7163869598765432
405,0.7160976080246914
406,0.7286361882716049
407,0.7987557870370371
408,0.798611111111111
409,0.9055748456790124
410,0.9064429012345678
411,1.0947627314814814
412,1.4301697530864197
413,1.4309895833333335
414,1.6316550925925926
415,1.6310763888888888
416,1.8973283179012348
417,2.0855999228395063
418,2.083622685185185
419,2.3858506944444446
420,2.384886188271605
421,2.7572820216049383
422,3.234423225308642
423,3.2352430555555554
424,3.602768132716049
425,3.6001157407407405
426,4.865596064814815
427,5.73485725308642
428,5.731963734567901
429,7.216531635802468
430,7.212962962962963
431,8.145640432098764
432,8.556616512345679
433,8.548418209876543
434,8.815875771604938
435,8.809702932098766
436,8.928530092592593
437,8.923996913580247
438,8.90697337962963
439,8.88329475308642
440,8.861979166666668
441,8.823302469135802
442,8.696855709876543
443,8.67529899691358
444,8.64916087962963
445,8.630063657407408
446,8.606722608024691
447,8.546344521604938
448,8.536072530864198
449,8.422694830246913
450,8.406780478395062
451,8.465036651234568
452,8.475453317901234
453,8.461226851851853
454,8.456163194444443
455,8.44164737654321
456,8.417052469135802
457,8.538097993827162
458,8.52199074074074
459,8.627363040123456
460,8.611930941358024
461,8.646604938271604
462,8.615644290123457
463,8.59765625
464,8.571518132716049
465,8.565297067901234
466,8.507523148148149
467,8.554783950617285
468,8.528694058641975
469,8.925009645061728
470,8.89891975308642
471,8.914641203703704
472,9.074893904320987
473,9.059461805555555
474,9.255063657407407
475,9.239390432098766
476,9.294367283950617
477,9.432725694444443
478,9.415364583333332
479,9.449604552469136
480,9.431712962962962
481,9.41652199074074
482,9.673128858024691
483,9.654610339506172
484,9.781201774691358
485,9.759403935185185
486,9.823977623456791
487,10.346595293209877
488,10.329427083333332
489,10.8647762345679
490,10.840229552469136
491,11.327739197530864
492,11.859326774691358
493,11.835117669753087
494,12.047309027777779
495,12.023341049382715
496,12.149305555555557
497,12.290075231481481
498,12.26490162037037
499,12.484712577160494
500,12.457851080246913
501,12.435185185185185
502,12.625675154320987
503,12.681375385802468
504,12.660590277777779
505,12.820457175925926
506,12.795380015432098
507,13.468605324074073
508,13.304398148148147
509,13.282744984567902
510,13.120081018518517
511,13.09669174382716
512,13.144097222222223
513,13.164062500000002
514,13.142554012345679
515,13.085551697530864
516,13.057918595679013
517,13.023533950617283
518,12.968557098765432
519,12.92361111111111
520,12.721498842592593
521,12.665798611111112
522,12.462866512345679
523,12.312692901234568
524,12.209008487654321
525,12.254292052469136
526,12.128568672839506
527,12.287133487654321
528,12.108121141975309
529,11.972511574074074
530,11.920476466049383
531,11.732783564814815
532,11.664592978395062
533,11.481433256172838
534,11.314621913580247
535,11.131896219135802
536,10.893180941358024
537,10.714361496913579
538,11.374083719135802
539,11.126012731481481
540,11.352430555555555
541,11.1703800154321
542,11.342206790123457
543,11.37572337962963
544,11.217930169753085
545,11.13257137345679
546,10.974054783950617
547,10.915846836419753
548,10.706356095679013
549,10.568479938271604
550,10.395206404320987
551,10.265914351851851
552,10.080391589506172
553,9.94675925925926
554,9.815972222222221
555,9.690489969135802
556,9.557484567901236
557,9.641444830246913
558,9.643518518518517
559,9.498649691358024
560,9.423659336419753
561,9.309027777777777
562,9.149112654320987
563,8.82103587962963
564,8.711853780864196
565,8.696325231481481
566,8.597752700617283
567,8.433449074074074
568,8.716097608024691
569,8.649353780864198
570,8.798900462962964
571,8.732976466049383
572,8.674382716049383
573,8.789544753086421
574,8.739293981481481
575,8.98731674382716
576,8.936631944444445
577,9.061342592592593
578,9.076485339506172
579,9.028886959876543
580,8.935185185185185
581,8.884211033950617
582,9.265962577160494
583,9.237172067901236
584,9.19212962962963
585,8.97511574074074
586,8.91160300925926
587,9.020351080246913
588,9.035734953703704
589,8.970582561728396
590,8.886091820987655
591,8.80762924382716
592,8.736352237654321
593,8.666280864197532
594,8.57981288580247
595,8.503858024691358
596,8.422116126543209
597,8.684944058641976
598,9.895785108024691
599,9.8179012345679
600,10.809027777777777
601,10.728539737654321
602,11.237654320987653
603,11.643470293209877
604,11.461082175925926
605,11.706066743827162
606,11.574990354938272
607,12.052662037037038
608,12.358796296296298
609,12.27657214506173
610,12.362991898148149
611,12.273196373456791
612,12.372733410493828
613,12.368248456790123
614,12.273244598765432
615,12.185233410493828
616,12.09447337962963
617,11.957175925925926
618,11.76929012345679
619,11.673948688271604
620,11.759452160493828
621,11.64670138888889
622,11.809944058641976
623,11.820601851851851
624,11.738908179012347
625,11.687307098765432
626,11.601417824074074
627,11.446807484567902
628,11.464023919753085
629,11.381317515432098
630,11.327498070987655
631,11.209104938271604
632,11.113425925925927
633,11.04441550925926
634,10.956741898148149
635,10.847800925925926
636,10.767023533950617
637,10.981385030864198
638,10.963541666666666
639,10.883584104938272
640,10.912085262345679
641,10.822964891975309
642,10.76340663580247
643,10.723283179012345
644,10.64747299382716
645,10.622395833333332
646,10.539255401234568
647,10.520158179012345
648,10.45625964506173
649,10.375868055555555
650,10.293740354938272
651,10.218074845679013
652,10.1460262345679
653,10.11154513888889
654,10.032552083333334
655,9.891782407407407
656,9.810233410493826
657,9.115258487654321
658,8.439525462962964
659,8.35204475308642
660,8.12133487654321
661,8.026041666666666
662,8.29470486111111
663,8.647038966049383
664,8.572289737654321
665,9.141203703703704
666,9.06688850308642
667,9.448881172839506
668,9.363377700617285
669,9.301649305555555
670,9.239486882716049
671,9.178385416666666
672,9.11400462962963
673,9.065875771604938
674,9.001832561728396
675,8.925540123456791
676,8.853539737654321
677,8.810667438271604
678,8.95481288580247
679,8.858217592592593
680,8.659818672839506
681,8.503858024691358
682,8.29591049382716
683,7.958719135802469
684,7.73413387345679
685,7.427324459876543
686,7.197579089506173
687,7.111979166666667
688,6.901475694444445
689,6.747588734567901
690,6.60546875
691,6.471161265432099
692,6.335455246913581
693,6.174864969135802
694,6.075327932098765
695,6.001494984567901
696,5.927662037037037
697,6.050106095679012
698,6.037760416666667
699,5.973186728395062
700,5.976128472222222
701,5.909191743827161
702,5.8139467592592595
703,5.818913966049383
704,5.762104552469135
705,5.805410879629629
706,5.750048225308642
707,5.799286265432099
708,5.7486496913580245
709,5.672646604938271
710,5.719955632716049
711,5.62770061728395
712,5.251639660493828
713,4.924093364197531
714,4.80883487654321
715,4.877989969135803
716,4.766010802469136
717,5.110677083333334
718,6.683159722222222
719,6.594039351851852
720,8.614438657407407
721,8.55685763888889
722,9.821662808641975
723,11.121190200617285
724,11.082995756172838
725,9.636863425925926
726,9.589506172839506
727,8.207417052469136
728,7.774353780864198
729,7.739535108024691
730,7.648244598765432
731,7.616174768518519
732,7.582320601851852
733,7.565489969135802
734,7.524739583333333
735,7.500578703703703
736,7.458140432098766
737,7.410108024691358
738,7.3320794753086425
739,7.294029706790124
740,6.666811342592592
741,6.6312692901234565
742,5.971498842592593
743,5.716772762345679
744,5.681616512345679
745,5.826581790123457
746,5.7917148919753085
747,5.760561342592593
748,5.698350694444445
749,5.662133487654321
750,5.602864583333334
751,5.566116898148148
752,5.509934413580247
753,5.484664351851852
754,5.46412037037037
755,5.43822337962963
756,5.414351851851852
757,5.392505787037037
758,5.405864197530865
759,5.380690586419753
760,5.338252314814815
761,5.3122588734567895
762,5.276234567901235
763,5.23755787037037
764,5.208333333333334
765,5.161361882716049
766,5.122154706790123
767,5.0523244598765435
768,5.029851466049383
769,4.986304012345679
770,4.904320987654321
771,4.864197530864198
772,4.832320601851852
773,4.76929012345679
774,4.730034722222222
775,4.7096836419753085
776,4.675877700617284
777,4.589168595679012
778,4.526716820987654
779,4.497010030864197
780,4.438078703703704
781,4.409288194444445
782,4.408516589506172
783,4.4218267746913575
784,4.39134837962963
785,4.407407407407407
786,4.37866512345679
787,4.429398148148148
788,4.378520447530864
789,4.351900077160494
790,4.318094135802469
791,4.292872299382716
792,4.235291280864197
793,4.202546296296297
794,4.170187114197531
795,4.1643036265432105
796,4.130931712962963
797,4.100163966049383
798,4.212818287037037
799,4.1812307098765435
800,4.22926311728395
801,4.198254243827161
802,4.120322145061729
803,4.075135030864198
804,4.0378086419753085
805,3.9834104938271606
806,3.94921875
807,3.9058159722222223
808,3.8757716049382718
809,3.8404706790123457
810,3.758632330246914
811,3.7253086419753085
812,3.713638117283951
813,3.683641975308642
814,3.64086612654321
815,3.591097608024691
816,3.5470679012345676
817,3.4847608024691357
818,3.4264081790123453
819,3.3795814043209873
820,3.3190104166666665
821,3.25684799382716
822,3.099440586419753
823,2.929591049382716
824,2.8513213734567904
825,2.806327160493827
826,2.699122299382716
827,2.6455439814814814
828,2.5737847222222223
829,2.5147569444444446
830,2.404417438271605
831,2.3273051697530867
832,2.043788580246914
833,1.5221836419753088
834,1.4149305555555556
835,0.9291087962962963
836,0.8624131944444444
837,0.7846739969135803
838,0.6760706018518519
839,0.6062885802469136
840,0.5797164351851852
841,0.5377121913580246
842,0.5893132716049383
843,0.775414737654321
844,0.7649498456790124
845,0.8499228395061729
846,0.8424479166666667
847,0.8385416666666666
848,0.8262924382716049
849,0.818431712962963
850,0.8361304012345678
851,0.8278838734567902
852,0.7791280864197531
853,0.8198784722222222
854,0.8110050154320987
855,0.8608217592592593
856,0.8559510030864198
857,0.9012345679012346
858,0.9204764660493827
859,0.9128568672839507
860,0.962962962962963
861,0.9574170524691358
862,1.0466338734567902
863,1.0698784722222223
864,1.0626446759259258
865,1.0491415895061729
866,1.0416666666666665
867,1.0814043209876545
868,1.084104938271605
869,1.0763406635802468
870,1.0986207561728394
871,1.0927372685185186
872,1.1183931327160495
873,1.1137152777777777
874,1.1042148919753085
875,1.0807291666666667
876,1.0759066358024691
877,1.0716628086419755
878,1.0484664351851853
879,1.0422453703703702
880,1.0693479938271606
881,1.0652006172839508
882,1.0593653549382716
883,1.2691454475308643
884,1.2646604938271606
885,1.2201003086419753
886,1.2146990740740742
887,1.172309027777778
888,1.2622492283950617
889,1.2567997685185186
890,1.4046103395061729
891,1.3972318672839505
892,1.40967399691358
893,1.4261670524691359
894,1.421923225308642
895,1.4106867283950617
896,1.4026331018518519
897,1.3097993827160492
898,1.2850597993827162
899,1.281201774691358
900,1.302758487654321
901,1.2981288580246915
902,1.2454668209876543
903,1.2459490740740742
904,1.2417534722222223
905,1.2531828703703702
906,1.2447434413580247
907,1.247540509259259
908,1.2427662037037037
909,1.2341820987654322
910,1.203317901234568
911,1.1998939043209877
912,1.113233024691358
913,1.0947145061728396
914,1.0893614969135803
915,1.1263020833333333
916,1.1227816358024691
917,1.128954475308642
918,1.1101466049382716
919,1.103587962962963
920,1.0752797067901234
921,1.0604263117283952
922,1.0707947530864197
923,1.1045524691358024
924,1.0968364197530864
925,1.0838638117283952
926,1.0785590277777777
927,1.06640625
928,1.0100790895061729
929,1.0056905864197532
930,0.9969135802469135
931,0.9915123456790123
932,1.0108024691358024
933,1.0208333333333333
934,1.013647762345679
935,0.9869309413580246
936,0.9814814814814814
937,0.9419367283950618
938,0.9681230709876544
939,0.963011188271605
940,1.2169656635802468
941,1.2131076388888888
942,1.533323688271605
943,1.880545910493827
944,1.877411265432099
945,2.131221064814815
946,2.123360339506173
947,2.3637152777777777
948,2.6028163580246915
949,2.59789737654321
950,2.560763888888889
951,2.5498167438271606
952,2.4889081790123457
953,3.4226466049382718
954,3.4102044753086416
955,4.983458719135802
956,4.971643518518518
957,5.45703125
958,5.612702546296297
959,5.598813657407407
960,6.105034722222222
961,6.089216820987654
962,5.7905092592592595
963,5.5287905092592595
964,5.51538387345679
965,5.756028163580247
966,5.7542438271604945
967,5.704185956790123
968,5.5765817901234565
969,5.551456404320987
970,4.335455246913581
971,4.3190586419753085
972,4.159722222222222
973,3.9675925925925926
974,3.9633005401234565
975,4.039351851851851
976,4.035349151234568
977,3.9965760030864197
978,3.9563078703703702
979,3.9340760030864197
980,3.9211998456790123
981,3.912615740740741
982,3.8953993055555554
983,3.873070987654321
984,3.869839891975309
985,3.8455343364197527
986,3.8359375
987,3.820023148148148
988,3.8006847993827164
989,3.780912422839506
990,3.27734375
991,3.2618152006172836
992,3.1777584876543212
993,3.158179012345679
994,3.1528742283950617
995,3.119598765432099
996,3.1107735339506175
997,3.08984375
998,3.0732060185185186
999,3.0552662037037037
1000,3.080584490740741
1001,3.0716145833333335
1002,3.064573688271605
1003,3.0321662808641974
1004,3.0200617283950617
1005,3.017264660493827
1006,3.0026523919753085
1007,2.959683641975309
1008,2.94825424382716
1009,2.9267939814814814
1010,2.8738908179012346
1011,2.841386959876543
1012,2.7783082561728394
1013,2.7207754629629632
1014,2.666039737654321
1015,2.648148148148148
1016,2.623167438271605
1017,2.56640625
1018,2.527247299382716
1019,2.4913194444444446
1020,2.4304591049382718
1021,2.40258487654321
1022,2.395447530864198
1023,2.3570119598765435
1024,2.3123070987654324
1025,2.287519290123457
1026,2.2544849537037037
1027,2.2019193672839505
1028,2.1589506172839505
1029,2.118441358024691
1030,2.056568287037037
1031,2.005835262345679
1032,1.9650366512345678
1033,1.9052372685185184
1034,1.8602430555555556
1035,1.7958140432098764
1036,1.7542920524691357
1037,1.7187500000000002
1038,1.6867283950617282
1039,1.648582175925926
1040,1.6084104938271604
1041,1.5736882716049383
1042,1.5442226080246912
1043,1.5138888888888888
1044,1.4809510030864197
1045,1.4459394290123457
1046,1.4167631172839505
1047,1.3677179783950617
1048,1.3389274691358024
1049,1.308786651234568
1050,1.2984664351851851
1051,1.2670235339506173
1052,1.2152295524691359
1053,1.1769868827160495
1054,1.1443383487654322
1055,1.1057098765432098
1056,1.0759066358024691
1057,1.0542534722222223
1058,1.0259452160493827
1059,0.9915605709876544
1060,0.9540895061728396
1061,0.9291570216049382
1062,0.8863329475308643
1063,0.8188657407407407
1064,0.7509162808641975
1065,0.6590952932098765
1066,0.5819830246913581
1067,0.4293499228395062
1068,0.34403935185185186
1069,0.23900462962962965
1070,0.2052951388888889
1071,0.1625192901234568
1072,0.12572337962962962
1073,0.11043595679012345
1074,0.08969907407407407
1075,0.12205825617283951
1076,0.11381172839506172
1077,0.13233024691358025
1078,0.12273341049382716
1079,0.11766975308641976
1080,0.054253472222222224
1081,0.05068479938271605
1082,0.06804591049382716
1083,0.08685378086419752
1084,0.0855516975308642
1085,0.09775270061728396
1086,0.09654706790123456
1087,0.10199652777777779
1088,0.10300925925925926
1089,0.10209297839506173
1090,0.10132137345679013
1091,0.10064621913580248
1092,0.09833140432098765
1093,0.10122492283950618
1094,0.10035686728395062
1095,0.10098379629629631
1096,0.10064621913580248
1097,0.10243055555555557
1098,0.1072048611111111
1099,0.10725308641975309
1100,0.12008101851851852
1101,0.11945408950617283
1102,0.11704282407407407
1103,0.11873070987654322
1104,0.11651234567901234
1105,0.1162229938271605
1106,0.11646412037037038
1107,0.11651234567901234
1108,0.11583719135802469
1109,0.11400462962962964
1110,0.11294367283950617
1111,0.11328124999999999
1112,0.11130401234567902
1113,0.11082175925925924
1114,0.11096643518518519
1115,0.11058063271604937
1116,0.11086998456790123
1117,0.10927854938271606
1118,0.10985725308641976
1119,0.10884452160493828
1120,0.10657793209876544
1121,0.10667438271604937
1122,0.10609567901234568
1123,0.10353973765432098
1124,0.1027199074074074
1125,0.10575810185185185
1126,0.10474537037037036
1127,0.10339506172839506
1128,0.10122492283950618
1129,0.09977816358024691
1130,0.09857253086419752
1131,0.09760802469135803
1132,0.09538966049382716
1133,0.09346064814814814
1134,0.09129050925925926
1135,0.08969907407407407
1136,0.08733603395061729
1137,0.08314043209876543
1138,0.0808738425925926
1139,0.07860725308641975
1140,0.07344714506172839
1141,0.06958912037037036
1142,0.06573109567901235
1143,0.061390817901234566
1144,0.05772569444444445
1145,0.05579668209876543
1146,0.05251736111111111
1147,0.04851466049382716
1148,0.04673032407407407
1149,0.04475308641975309
1150,0.043933256172839504
1151,0.04166666666666667
1152,0.03751929012345679
1153,0.03853202160493827
1154,0.03679591049382716
1155,0.03568672839506173
1156,0.0345775462962963
1157,0.03264853395061729
1158,0.03125
1159,0.029658564814814815
1160,0.028838734567901234
1161,0.027633101851851853
1162,0.026813271604938273
1163,0.026234567901234566
1164,0.024787808641975308
1165,0.024402006172839507
1166,0.023582175925925927
1167,0.02271412037037037
1168,0.022472993827160496
1169,0.021942515432098766
1170,0.020929783950617283
1171,0.020013503086419752
1172,0.019000771604938273
1173,0.01837384259259259
1174,0.018180941358024692
1175,0.020302854938271605
1176,0.020929783950617283
1177,0.017361111111111112
1178,0.016396604938271605
1179,0.015528549382716049
1180,0.014322916666666666
1181,0.013840663580246914
1182,0.01765046296296296
1183,0.01654128086419753
1184,0.01615547839506173
1185,0.015046296296296297
1186,0.01461226851851852
1187,0.014564043209876542
1188,0.01335841049382716
1189,0.012056327160493827
1190,0.0115258487654321
1191,0.01017554012345679
1192,0.00935570987654321
1193,0.009307484567901234
1194,0.008680555555555556
1195,0.007716049382716049
1196,0.0078125
1197,0.007523148148148149
1198,0.007957175925925927
1199,0.007667824074074073
1200,0.008439429012345678
1201,0.008487654320987654
1202,0.008584104938271605
1203,0.008728780864197531
1204,0.008728780864197531
1205,0.007089120370370371
1206,0.006944444444444444
1207,0.006606867283950617
1208,0.006847993827160494
1209,0.006655092592592593
1210,0.006462191358024691
1211,0.00626929012345679
1212,0.005738811728395062
1213,0.005835262345679012
1214,0.00626929012345679
1215,0.00535300925925926
1216,0.005256558641975309
1217,0.00472608024691358
1218,0.00535300925925926
1219,0.005160108024691358
1220,0.004967206790123457
1221,0.004436728395061728
1222,0.004822530864197531
1223,0.00544945987654321
1224,0.005545910493827161
1225,0.0078125
1226,0.007957175925925927
1227,0.007619598765432098
1228,0.00699266975308642
1229,0.006847993827160494
1230,0.006510416666666667
1231,0.006510416666666667
1232,0.006413966049382716
1233,0.007282021604938271
1234,0.007089120370370371
1235,0.0068962191358024685
1236,0.006944444444444444
1237,0.00535300925925926
1238,0.004967206790123457
1239,0.004822530864197531
1240,0.004243827160493827
1241,0.004436728395061728
1242,0.004436728395061728
1243,0.0043885030864197535
1244,0.004436728395061728
1245,0.005594135802469136
1246,0.005642361111111111
1247,0.005545910493827161
1248,0.005787037037037038
1249,0.0056905864197530865
1250,0.006944444444444444
1251,0.007089120370370371
1252,0.00626929012345679
1253,0.006413966049382716
1254,0.00617283950617284
1255,0.0061246141975308645
1256,0.00617283950617284
1257,0.006076388888888889
1258,0.0056905864197530865
1259,0.005738811728395062
1260,0.005545910493827161
1261,0.005401234567901235
1262,0.00544945987654321
1263,0.005497685185185185
1264,0.005304783950617284
1265,0.005304783950617284
1266,0.005256558641975309
1267,0.00535300925925926
1268,0.004629629629629629
1269,0.004581404320987655
1270,0.004243827160493827
1271,0.004340277777777778
1272,0.004195601851851851
1273,0.004581404320987655
1274,0.004436728395061728
1275,0.005497685185185185
1276,0.005545910493827161
1277,0.004822530864197531
1278,0.004677854938271605
1279,0.004822530864197531
1280,0.005063657407407407
1281,0.005063657407407407
1282,0.004774305555555556
1283,0.0043885030864197535
1284,0.004484953703703704
1285,0.0042920524691358024
1286,0.004243827160493827
1287,0.0043885030864197535
1288,0.0042920524691358024
1289,0.0042920524691358024
1290,0.004147376543209877
1291,0.0029899691358024694
1292,0.0003858024691358025
1293,0.0006751543209876544
1294,0.0005787037037037037
1295,0.0005787037037037037
1296,0.0005304783950617284
1297,0.0003375771604938272
1298,0.0005787037037037037
1299,0.0005787037037037037
1300,0.0019772376543209878
1301,0.00236304012345679
1302,0.0013020833333333335
1303,0.0008198302469135802
1304,0.00043402777777777775
1305,0.0003858024691358025
1306,0.0003858024691358025
1307,0.004822530864197531
1308,0.004774305555555556
1309,0.004243827160493827
1310,0.0039544753086419755
1311,0.0036651234567901233
1312,0.003568672839506173
1313,0.0036651234567901233
1314,0.0036651234567901233
1315,0.0030381944444444445
1316,0.002941743827160494
1317,0.002941743827160494
1318,0.0028452932098765433
1319,0.003134645061728395
1320,0.0029899691358024694
1321,0.0027488425925925927
1322,0.002604166666666667
1323,0.002652391975308642
1324,0.002652391975308642
1325,0.003472222222222222
1326,0.003472222222222222
1327,0.0033757716049382714
1328,0.0030381944444444445
1329,0.00308641975308642
1330,0.0027006172839506176
1331,0.002893518518518519
1332,0.0027006172839506176
1333,0.002652391975308642
1334,0.0025559413580246914
1335,0.002507716049382716
1336,0.002459490740740741
1337,0.0011574074074074073
1338,0.0011574074074074073
1339,0.0012056327160493826
1340,0.0010127314814814814
1341,0.0010127314814814814
1342,0.001253858024691358
1343,0.0011574074074074073
1344,0.0011574074074074073
1345,0.002025462962962963
1346,0.001736111111111111
1347,0.003423996913580247
1348,0.0019772376543209878
1349,0.0019290123456790122
1350,0.002459490740740741
1351,0.002507716049382716
1352,0.001736111111111111
1353,0.0008198302469135802
1354,0.0008198302469135802
1355,0.000626929012345679
1356,0.0005787037037037037
1357,0.0007233796296296297
1358,0.0005787037037037037
1359,0.0006751543209876544
1360,0.0008198302469135802
1361,0.0005787037037037037
1362,0.0003858024691358025
1363,0.00043402777777777775
1364,0.00048225308641975306
1365,0.0005304783950617284
1366,0.0005304783950617284
1367,0.0013503086419753088
1368,0.001398533950617284
